{
  "x": 0.713792341149035,
  "y": 0.7945308346624136
}